SIX/ARP290071876CHF,CADELPLATA N
SIX/AN8068571086CHF,SCHLUMBERGER
SIX/AT0000652011CHF,Erste Group Bk
SIX/AT0000741053CHF,EVN
SIX/AT0000606306CHF,Raiff Bank Int
SIX/AT0000676903CHF,RHI
SIX/AT0000743059CHF,OMV
SIX/AT0000644505CHF,Lenzing
SIX/AT0000720008CHF,Telekom Austria
SIX/AT0000697750CHF,conwert ImmoInv
SIX/AT0000730007CHF,Andritz
SIX/AT0000746409CHF,Verbund
SIX/AT0000809058CHF,Immofinanz
SIX/AT0000831706CHF,Wienerberger AG
SIX/AT0000820659CHF,KTM Industries AG
SIX/AT0000837307CHF,Zumtobel Group
SIX/AT0000920863CHF,AMS - Share Price CHF
SIX/AT0000937503CHF,voestalpine
SIX/AT0000946652CHF,Schoeller-Bleckmann
SIX/AT0000969985CHF,AT & S Austria Tech
SIX/AT0000922554CHF,Rosenbauer Internat
SIX/AT0000938204CHF,Mayr-Melnhof Karton
SIX/AT0000A00Y78CHF,Petro Welt Technologies AG
SIX/AT0000A18XM4CHF,AMS
SIX/AT00BUWOG001CHF,BUWOG
SIX/AU000000BHP4CHF,BHP Billiton AU
SIX/AT0000APOST4CHF,Oesterreich Post
SIX/AU000000CBA7CHF,Cwth Bk Australia
SIX/AU000000NCM7CHF,Newcrest Mining
SIX/AU000000RIO1CHF,Rio Tinto AU
SIX/BE0003755692CHF,Agfa-Gevaert
SIX/AU000000WPL2CHF,Woodside Petroleum
SIX/BE0003810273CHF,Proximus
SIX/BE0003793107CHF,Anh-Busch InBev - Share Price CHF
SIX/BE0974264930CHF,Ageas
SIX/BE0974268972CHF,Bpost
SIX/BE0974293251CHF,Anheuser-Busch InBev SA
SIX/CA0084741085CHF,Agnico Eagle
SIX/CA0539061030CHF,Avino Silver & Gold
SIX/CA0585861085CHF,Ballard Power
SIX/CA0679011084CHF,Barrick Gold
SIX/CA09228F1036CHF,BlackBerry
SIX/CA11777Q2099CHF,B2Gold
SIX/CA13321L1085CHF,Cameco
SIX/CA0977512007CHF,Bombardier
SIX/CA1366351098CHF,Canadian Solar
SIX/CA2506691088CHF,Detour Gold
SIX/CA29258Y1034CHF,Endeavour Silver
SIX/CA2849021035CHF,Eldorado Gold
SIX/CA32076V1031CHF,First Majestic Silv
SIX/CA3499151080CHF,Fortuna Silver Mns
SIX/CA3518581051CHF,Franco-Nevada
SIX/CA3807381049CHF,Gold Std Vent
SIX/CA3809564097CHF,Goldcorp
SIX/CA39115V1013CHF,Great Panther - Share Price CHF
SIX/CA4488832078CHF,Hydrogenics - Share Price CHF
SIX/CA4509131088CHF,Iamgold
SIX/CA4598751002CHF,INTL MINERALS N - Share Price CHF
SIX/CA4969024047CHF,Kinross Gold
SIX/CA5592224011CHF,Magna Intl
SIX/CA6979001089CHF,Pan American Silver
SIX/CA73044W1041CHF,POET Tech - Share Price CHF
SIX/CA74051D1042CHF,Premier Gold Mines
SIX/CA7800871021CHF,ROYAL BK CDA
SIX/CA7852461093CHF,Sabina Gld & Sl
SIX/CA82823L1067CHF,Silver Standard Res - Share Price CHF
SIX/CA8265161064CHF,Sierra Wireless
SIX/CA8283361076CHF,Silver Wheaton - Share Price CHF
SIX/CA82835P1036CHF,Silvercorp Metals
SIX/CA8672241079CHF,Suncor Energy
SIX/CA8738681037CHF,Tahoe Res
SIX/CA9628791027CHF,Wheaton Precious Metals
SIX/CA91911K1021CHF,Valeant Pharma
SIX/CA98462Y1007CHF,Yamana Gold
SIX/CH0000288735CHF,WALLISER KB I - Share Price CHF
SIX/CH0000140787CHF,INTERSPORT N - Share Price CHF
SIX/CA98921P1045CHF,Zecotek Photon - Share Price CHF
SIX/CH0000587979CHF,SIKA I
SIX/CH0000816824CHF,OC OERLIKON N
SIX/CH0001111076CHF,VICTORIA JUNGFRAU N - Share Price CHF
SIX/CH0001307757CHF,BK LINTH N
SIX/CH0001308904CHF,ZUGER KB I
SIX/CH0001319265CHF,SNB N
SIX/CH0001340204CHF,GRAUB KB PS
SIX/CH0001341608CHF,HYPO LENZB N
SIX/CH0001347498CHF,ROTHSCHILD I
SIX/CH0001366332CHF,ACCU N - Share Price CHF
SIX/CH0001473559CHF,BASELLAND KB PS
SIX/CH0001503199CHF,BELIMO N
SIX/CH0001624714CHF,CPH N
SIX/CH0001625810CHF,CI COM SA
SIX/CH0001642682CHF,BC GENEVE P0 - Share Price CHF
SIX/CH0001931853CHF,CHAM GROUP N
SIX/CH0001752309CHF,FISCHER N
SIX/CH0001840450CHF,VALARTIS GROUP I - Share Price CHF
SIX/CH0002013826CHF,INNOVAT. PACKAGING SOLUTIONS I - Share Price CHF
SIX/CH0002088976CHF,VALORA N
SIX/CH0002045497CHF,LOEB PS - Share Price CHF
SIX/CH0002168083CHF,PANALPINA N
SIX/CH0002175773CHF,BAUMGARTNER N
SIX/CH0002178348CHF,PAX N
SIX/CH0002187810CHF,PHOENIX I
SIX/CH0002271010CHF,Arundel N
SIX/CH0002277314CHF,SCHLATTER N
SIX/CH0002361068CHF,STARRAG GROUP N
SIX/CH0002432174CHF,BUCHER N
SIX/CH0002497458CHF,SGS N
SIX/CH0002492293CHF,BANQUE PROFIL DE GESTION I
SIX/CH0002572268CHF,SWISSMETAL I - Share Price CHF
SIX/CH0002609656CHF,VILLARS N
SIX/CH0002619481CHF,WARTECK N
SIX/CH0002657986CHF,Conzzeta AG - Share Price CHF
SIX/CH0002906912CHF,PERROT DUVAL I - Share Price CHF
SIX/CH0002661731CHF,ZWAHLEN I
SIX/CH0002906938CHF,PERROT DUVAL PS - Share Price CHF
SIX/CH0003245351CHF,VON ROLL I
SIX/CH0003390066CHF,MIKRON N
SIX/CH0003420806CHF,O FUESSLI N
SIX/CH0003541510CHF,FORBO N
SIX/CH0003504856CHF,KUONI N - Share Price CHF
SIX/CH0003583256CHF,HIGHLIGHT E AND E I
SIX/CH0003671440CHF,RIETER N
SIX/CH0003825756CHF,COMET N - Share Price CHF
SIX/CH0004410418CHF,BELL AG N - Share Price CHF
SIX/CH0004626302CHF,PUBLIGROUPE N - Share Price CHF
SIX/CH0004647951CHF,HUEGLI I
SIX/CH0004699440CHF,SOPRACENERIN N - Share Price CHF
SIX/CH0005059438CHF,nebag N
SIX/CH0005092751CHF,CASTLE ALT N
SIX/CH0005092751EUR,CASTLE ALT N - Share Price CHF
SIX/CH0004870942CHF,GOLDBACH GROUP AG N
SIX/CH0005092751USD,CASTLE ALT N
SIX/CH0005319162CHF,ELMA ELECTRONIC N
SIX/CH0005795668CHF,SCHMOLZ+BICKENBACH AG N
SIX/CH0006089921CHF,PRIVATE EQUITY N
SIX/CH0006227414CHF,BONDPARTNERS I - Share Price CHF
SIX/CH0006227612CHF,VETROPACK I
SIX/CH0006326851CHF,The Native SA
SIX/CH0006328758CHF,PELIKAN I - Share Price CHF
SIX/CH0006372897CHF,INTERROLL N
SIX/CH0006937772CHF,CHARLES VOEGELE I
SIX/CH0007036830CHF,NEW VENTURE I
SIX/CH0007162958CHF,EEII I
SIX/CH0007249102CHF,INFRANOR I - Share Price CHF
SIX/CH0008012236CHF,GURIT I
SIX/CH0008038389CHF,SWISS PRIME SITE N
SIX/CH0008207356CHF,BVZ HOL N
SIX/CH0008531045CHF,DATACOLOR N
SIX/CH0008702190CHF,CICOR TECH N
SIX/CH0008742519CHF,SWISSCOM N
SIX/CH0008837566CHF,ALLREAL N
SIX/CH0008967926CHF,ADVAL TECH N
SIX/CH0009002962CHF,BARRY CALLEBAUT N
SIX/CH0009062099CHF,SCHAFFNER N
SIX/CH0009115129CHF,PERFECT N
SIX/CH0009153310CHF,SPCE N - Share Price USD
SIX/CH0009153310USD,SPCE N
SIX/CH0009236461CHF,BASLER KB PS
SIX/CH0009320091CHF,FEINTOOL N
SIX/CH0009691608CHF,BEKB / BCBE N
SIX/CH0010510862CHF,PROGRESSNOW N - Share Price CHF
SIX/CH0010532478CHF,ACTELION N
SIX/CH0010567961CHF,FLUGHAFEN ZUERICH N - Share Price CHF
SIX/CH0010570759CHF,LINDT N
SIX/CH0010570767CHF,LINDT PS
SIX/CH0010645932CHF,GIVAUDAN N
SIX/CH0010675863CHF,SWISSQUOTE N
SIX/CH0010702154CHF,KOMAX N
SIX/CH0010754924CHF,SCHWEITER I
SIX/CH0010819867CHF,NEW VALUE N
SIX/CH0010947627CHF,AIRESIS N
SIX/CH0011003594CHF,GAVAZZI I
SIX/CH0011025217CHF,Kuros N0 - Share Price CHF
SIX/CH0011029946CHF,INFICON N
SIX/CH0011037469CHF,SYNGENTA N
SIX/CH0011075394CHF,ZURICH INSURANCE N
SIX/CH0011108872CHF,MOBIMO N
SIX/CH0011115703CHF,CREALOGIX N
SIX/CH0011178255CHF,TAMEDIA N
SIX/CH0011339204CHF,ASCOM N 10
SIX/CH0011432447CHF,BASILEA N
SIX/CH0011484067CHF,ST GALLER KB N
SIX/CH0011607683CHF,TORNOS N
SIX/CH0011693600CHF,LUZERNER KB N
SIX/CH0011795959CHF,dormakaba N
SIX/CH0012005267CHF,NOVARTIS N
SIX/CH0012032048CHF,ROCHE GS
SIX/CH0012032113CHF,ROCHE I
SIX/CH0012100191CHF,TECAN GROUP AG N
SIX/CH0012138530CHF,CS GROUP N
SIX/CH0012138605CHF,ADECCO N
SIX/CH0012142631CHF,CLARIANT N
SIX/CH0012214059CHF,LAFARGEHOLCIM N
SIX/CH0012221716CHF,ABB LTD N
SIX/CH0012255144CHF,SWATCH GROUP N
SIX/CH0012255151CHF,SWATCH GROUP I
SIX/CH0012268360CHF,KUDELSKI I
SIX/CH0012271687CHF,HELVETIA HOLDING N
SIX/CH0012280076CHF,STRAUMANN N
SIX/CH0012323868CHF,BOSSARD I - Share Price CHF
SIX/CH0012324627CHF,SWISSLOG N - Share Price CHF
SIX/CH0012335540CHF,VONTOBEL N
SIX/CH0012337421CHF,MICRONAS N - Share Price CHF
SIX/CH0012410517CHF,BALOISE N
SIX/CH0012453913CHF,TEMENOS N - Share Price CHF
SIX/CH0012453913EUR,TEMENOS N - Share Price CHF
SIX/CH0012453913USD,TEMENOS N
SIX/CH0012488190CHF,AEVIS N
SIX/CH0012530207CHF,BACHEM N -B-
SIX/CH0012549785CHF,SONOVA N
SIX/CH0012583404CHF,MOBILEZONE I - Share Price CHF
SIX/CH0012627250CHF,HBM N
SIX/CH0012684657CHF,BOBST GRP N
SIX/CH0012815459CHF,LIFEWATCH N
SIX/CH0012829898CHF,EMMI N
SIX/CH0012885841CHF,SHAPE N - Share Price CHF
SIX/CH0012949464CHF,GMSA N
SIX/CH0013592248CHF,NORINVEST HOLDING N - Share Price CHF
SIX/CH0013841017CHF,LONZA N
SIX/CH0014284498CHF,SIEGFRIED N
SIX/CH0014345117CHF,CIE FIN TR I
SIX/CH0014424524USD,ALTIN N
SIX/CH0014786500CHF,VALIANT N
SIX/CH0014852781CHF,SWISS LIFE HOLDING AG N
SIX/CH0015251710CHF,BC VAUD N
SIX/CH0015536466CHF,GALENICA N - Share Price CHF
SIX/CH0016405836CHF,REPOWER I - Share Price CHF
SIX/CH0016405844CHF,REPOWER PS - Share Price CHF
SIX/CH0016440353CHF,EMS-CHEMIE N
SIX/CH0017313948CHF,INTERSHOP I - Share Price CHF
SIX/CH0017875789CHF,JUNGFRAUBAHN HLD N
SIX/CH0018116472CHF,BK CLER
SIX/CH0018206117CHF,BFW LIEGENSCHAFTEN N
SIX/CH0018294154CHF,PSP N
SIX/CH0019107025CHF,APG SGA N
SIX/CH0019199550CHF,ALPINE SELECT N
SIX/CH0019396990CHF,YPSOMED HLDG
SIX/CH0019624805CHF,MYRIAD GROUP N
SIX/CH0020603475CHF,CKW N - Share Price CHF
SIX/CH0020739006CHF,DOTTIKON ES N
SIX/CH0021190902CHF,ACINO HLDG N - Share Price CHF
SIX/CH0021194664CHF,ADVANCED DIGITAL N - Share Price CHF
SIX/CH0021218067CHF,EVOLVA N
SIX/CH0021545667CHF,VAUDOISE ASSU N
SIX/CH0021783391CHF,PARGESA I
SIX/CH0021831182CHF,ZUEBLIN IMM N0 - Share Price CHF
SIX/CH0022268228CHF,EFG INTERNATIONAL N
SIX/CH0022427626CHF,LEM N
SIX/CH0023405456CHF,DUFRY N
SIX/CH0023868554CHF,IMPLENIA N
SIX/CH0024590272CHF,ALSO N
SIX/CH0024608827CHF,PARTNERS GROUP N
SIX/CH0024638196CHF,SCHINDLER PS
SIX/CH0024638212CHF,SCHINDLER N
SIX/CH0024666528CHF,HOCHDORF N
SIX/CH0024736404CHF,EDISUN POWER EUROPE N
SIX/CH0024899483CHF,UBS N - Share Price CHF
SIX/CH0025238863CHF,KUEHNE+NAGEL INT N
SIX/CH0025343259CHF,COLTENE N
SIX/CH0025536027CHF,BURCKHARDT N
SIX/CH0025607331CHF,ROMANDE ENERGIE N
SIX/CH0025751329CHF,LOGITECH N
SIX/CH0026205861CHF,Looser Holding AG - Share Price CHF
SIX/CH0027148649CHF,SANTHERA N
SIX/CH0027659793CHF,BB BIOTECH N 2. LINIE
SIX/CH0028200837CHF,VZ HOLDING N
SIX/CH0028422100CHF,BELLEVUE GROUP N
SIX/CH0029850754CHF,ADDEX N
SIX/CH0030170408CHF,GEBERIT N
SIX/CH0030380734CHF,HUBER+SUHNER N
SIX/CH0030486770CHF,DAETWYLER I
SIX/CH0032816131CHF,SWISS FIN&PROP INV N
SIX/CH0032991348CHF,BC JURA I - Share Price CHF
SIX/CH0033361673CHF,U-BLOX N
SIX/CH0034389707CHF,ALPIQ HOLDING N
SIX/CH0034476959CHF,ENR RUSSIA INVEST I
SIX/CH0037851646CHF,NOBEL BIOCARE N - Share Price CHF
SIX/CH0038285679CHF,ORASCOM DEVELOPMENT HLD AG N
SIX/CH0038388911CHF,SULZER N
SIX/CH0038389992CHF,BB BIOTECH N
SIX/CH0038459415CHF,NOVARTIS  N 2. LINIE
SIX/CH0038838394CHF,Weatherford International N - Share Price CHF
SIX/CH0038863350CHF,NESTLE N
SIX/CH0039542854CHF,MCH GROUP N
SIX/CH0039651184CHF,ENERGIEDIENST N
SIX/CH0039821084CHF,Metall Zug AG
SIX/CH0042615283CHF,ZUR ROSE GROUP N
SIX/CH0042927431USD,ABSOLUTE INVEST I - Share Price USD
SIX/CH0043238366CHF,ARYZTA N
SIX/CH0048265513CHF,TRANSOCEAN N - Share Price CHF
SIX/CH0048265513EUR,TRANSOCEAN LTD - Share Price CHF
SIX/CH0048326620CHF,SHAPE N 2. LINIE - Share Price CHF
SIX/CH0048854746EUR,CASTLE PRIVATE N - Share Price CHF
SIX/CH0100185955CHF,gategroup N - Share Price CHF
SIX/CH0048854746CHF,CASTLE PRIVATE N
SIX/CH0048854746USD,CASTLE PRIVATE N - Share Price CHF
SIX/CH0100191136CHF,RELIEF THERAPEUTICS N
SIX/CH0100699641CHF,NATIONALV N - Share Price CHF
SIX/CH0100837282CHF,KARDEX N
SIX/CH0102484968CHF,JULIUS BAER N
SIX/CH0102659627CHF,GAM N
SIX/CH0108503795CHF,MEYER BURGER N
SIX/CH0110240600CHF,ARBONIA N
SIX/CH0110303119CHF,LECLANCHE N
SIX/CH0111171903CHF,TRANSOCEAN N 2. LINIE - Share Price CHF
SIX/CH0111677362CHF,ORIOR N
SIX/CH0118530366CHF,Peach Property N
SIX/CH0123710490CHF,GAM N  2. LINIE - Share Price CHF
SIX/CH0126639464CHF,CALIDA N
SIX/CH0126673539CHF,DKSH N
SIX/CH0126881561CHF,SWISS RE N
SIX/CH0127480363CHF,AUTONEUM N
SIX/CH0130293662CHF,BKW N
SIX/CH0132557338CHF,ZEHNDER - Share Price CHF
SIX/CH0137664782CHF,ALPINE SELECT N 2. LINIE - Share Price CHF
SIX/CH0148052126CHF,ZUG ESTATES HOLDING AG
SIX/CH0183903761CHF,FORBO N 2.  LINIE - Share Price CHF
SIX/CH0184587159CHF,CASTLE PRIVATE N 2. LINIE
SIX/CH0187624256CHF,IVF HARTMANN N
SIX/CH0189009324CHF,ALPHA PET N - Share Price CHF
SIX/CH0186675291CHF,CASTLE ALT N 2. LINIE
SIX/CH0189177055CHF,ADECCO N 2. LINIE
SIX/CH0189396655CHF,GLARNER KB N
SIX/CH0190891181CHF,LEONTEQ N
SIX/CH0193489041CHF,HBM N 2. Linie RYckkauf - Share Price CHF
SIX/CH0194428980CHF,SCHWEITER I 2. LINIE - Share Price CHF
SIX/CH0198415058CHF,SCHINDLER PS 2. LINIE - Share Price CHF
SIX/CH0198415066CHF,SCHINDLER N 2. LINIE - Share Price CHF
SIX/CH0204985789CHF,SYNGENTA N 2. LINIE - Share Price CHF
SIX/CH0208062627CHF,MEIER TOBLER N
SIX/CH0210483332CHF,RICHEMONT N
SIX/CH0212255803CHF,BURKHALTER N
SIX/CH0214706357CHF,TITL BN BERG N
SIX/CH0215409928CHF,TEMENOS N 2. LINIE - Share Price CHF
SIX/CH0225173167CHF,CEMBRA MONEY BANK N
SIX/CH0231351104CHF,THURGAUER KB PS
SIX/CH0238627142CHF,BOSSARD N
SIX/CH0239229302CHF,SFS Group N
SIX/CH0239518779CHF,HIAG IMMOBILIEN N
SIX/CH0239714907CHF,GEBERIT N 2. LINIE - Share Price CHF
SIX/CH0242225198CHF,GAM N 2. LINIE
SIX/CH0242606942CHF,AIROPACK TECHNOLOGY GROUP N
SIX/CH0244017502CHF,CONZZETA N
SIX/CH0244767585CHF,UBS GROUP N
SIX/CH0251492010CHF,NESTLE N 2. LINIE - Share Price CHF
SIX/CH0252620700CHF,PERROT DUVAL I
SIX/CH0253301128CHF,ABB LTD N 2. LINIE - Share Price CHF
SIX/CH0256379097CHF,MOLECULAR PARTNERS N
SIX/CH0257717097CHF,HBM N 2. LINIE
SIX/CH0261177932CHF,SONOVA N 2. LINIE
SIX/CH0267291224CHF,SUNRISE N
SIX/CH0272890911CHF,ACTELION N 2. Linie - Share Price CHF
SIX/CH0268076814CHF,SGS N 2. LINIE - Share Price CHF
SIX/CH0273774791CHF,INTERSHOP N
SIX/CH0274804845CHF,BALOISE N 2. LINIE
SIX/CH0276534614CHF,ZEHNDER N
SIX/CH0276837694CHF,MOBILEZONE N
SIX/CH0282148144CHF,KABA N 2. LINIE - Share Price CHF
SIX/CH0284133938CHF,ZUEBLIN IMM ANR - Share Price CHF
SIX/CH0284142913CHF,PLAZZA N
SIX/CH0286491805CHF,SWISS RE N 2. LINIE
SIX/CH0298832814CHF,SULZER N 2. Linie - Share Price CHF
SIX/CH0299298080CHF,SYNGENTA N  2. Linie - Share Price CHF
SIX/CH0300713267CHF,Rothschild RE CH ANR - Share Price CHF
SIX/CH0302713380CHF,ALPINE SELECT N 2. LINIE - Share Price CHF
SIX/CH0303182775CHF,MICRONAS N 2. LINIE - Share Price CHF
SIX/CH0305285295CHF,VARIA US PROPERTIES N
SIX/CH0301992506CHF,CS GROUP ANR - Share Price CHF
SIX/CH0305951201CHF,WALLISER KB N
SIX/CH0305951284CHF,WALLISER KB ANR - Share Price CHF
SIX/CH0311717661CHF,SWATCH GROUP I 2. LINIE
SIX/CH0311864901CHF,VAT GROUP N
SIX/CH0311730409CHF,SWATCH GROUP N 2. LINIE
SIX/CH0313683721CHF,UBS SWISS SIMA ANR - Share Price CHF
SIX/CH0312309682CHF,ZUEBLIN IMM N
SIX/CH0314029270CHF,WISeKey N
SIX/CH0314542629CHF,PATRIMONIUM CH RE ANR - Share Price CHF
SIX/CH0314790905CHF,KUONI N 2. LINIE - Share Price CHF
SIX/CH0315966322CHF,BELL AG N
SIX/CH0316124541CHF,SYNGENTA N  2. Linie - Share Price CHF
SIX/CH0318199616CHF,SF Sustainable Property ANR - Share Price CHF
SIX/CH0319416936CHF,FLUGHAFEN ZUERICH N
SIX/CH0319954951CHF,Bellevue Group ANR - Share Price CHF
SIX/CH0322595809CHF,CS REF LIVING PLUS ANR - Share Price CHF
SIX/CH0322691012CHF,CASNP CASN P 05/16 - Share Price CHF
SIX/CH0323600392CHF,gategroup N 2. LINIE - Share Price CHF
SIX/CH0325057005CHF,RESIDENTIA ANR - Share Price CHF
SIX/CH0325086376CHF,CPENPO CPEN P 06/16 - Share Price CHF
SIX/CH0325094297CHF,INVESTIS N
SIX/CH0325814116CHF,Kuros N
SIX/CH0327224322CHF,Looser Holding AG 2. LINIE - Share Price CHF
SIX/CH0332016473CHF,REALSTONE ANR - Share Price CHF
SIX/CH0332026654CHF,CS REF SIAT ANR - Share Price CHF
SIX/CH0340637302CHF,CS REF GREEN PROP ANR - Share Price CHF
SIX/CH0341762075CHF,SF Sustain Prop ANR - Share Price CHF
SIX/CH0342055750CHF,CHARLES VOEGELE I 2. LINIE - Share Price CHF
SIX/CH0342833164CHF,MEYER BURGER ANR - Share Price CHF
SIX/CH0350494719CHF,BC GENEVE N
SIX/CH0351063620CHF,LONZA ANR - Share Price CHF
SIX/CH0355202885CHF,UBS SW SWISSREAL ANR - Share Price CHF
SIX/CH0350665672CHF,BC JURA N
SIX/CH0355794022CHF,ACTELION N 2. Linie - Share Price CHF
SIX/CH0358180005CHF,BLIN1 BFWLIEGEN P 04/17 - Share Price CHF
SIX/CH0355686798CHF,LAFARGEHOLCIM N 2. LINIE
SIX/CH0358541057CHF,GEBERIT N 2. LINIE
SIX/CH0359720924CHF,PAX N 2. LINIE - Share Price CHF
SIX/CH0361002550CHF,Polymen Fonds ANR - Share Price CHF
SIX/CH0360826991CHF,COMET N
SIX/CH0360674466CHF,GALENICA N
SIX/CH0363463438CHF,IDORSIA N
SIX/CH0364281979USD,SPCE N 2. Linie
SIX/CH0364964996CHF,SF Sustainable Property ANR - Share Price CHF
SIX/CH0364749348CHF,VIFOR N
SIX/CH0366349311CHF,CS GROUP ANR - Share Price CHF
SIX/CH0365680773CHF,SGS N 2. LINIE - Share Price CHF
SIX/CH0366567466CHF,Immo Helvetic ANR - Share Price CHF
SIX/CH0366579594CHF,CPENPO CPEN P 06/17 - Share Price CHF
SIX/CH0367427686CHF,VALARTIS GROUP N
SIX/CH0369093213CHF,SWISS FIN&PROP INV ANR - Share Price CHF
SIX/CH0370530385CHF,CASNP CASN P 07/17 - Share Price CHF
SIX/CH0371153492CHF,Landis+Gyr N
SIX/CH0372071347CHF,NESTLE N 2. LINIE
SIX/DE0003304002CHF,Software
SIX/DE0003304101CHF,Gerry Weber Intl
SIX/DE0005089031CHF,United Internet
SIX/DE0005093108CHF,AMADEUS FIRE AG
SIX/DE0005111702CHF,zooplus
SIX/DE0005137004CHF,QSC - Share Price CHF
SIX/DE0005140008CHF,Deutsche Bank - Share Price CHF
SIX/DE0005140008EUR,Deutsche Bank
SIX/DE0005146807CHF,Delticom - Share Price CHF
SIX/DE0005158703CHF,Bechtle
SIX/DE0005176903CHF,SURTECO
SIX/DE0005168108CHF,Bauer
SIX/DE0005190003CHF,BMW I - Share Price CHF
SIX/DE0005190003EUR,BMW I
SIX/DE0005194062CHF,BayWa
SIX/DE0005190037CHF,BMW VZ
SIX/DE0005200000CHF,Beiersdorf - Share Price CHF
SIX/DE0005200000EUR,Beiersdorf
SIX/DE0005215107CHF,Clere AG1 - Share Price CHF
SIX/DE0005227235CHF,Biotest
SIX/DE0005313704CHF,Carl Zeiss Meditec
SIX/DE0005232805CHF,Bertrandt
SIX/DE0005407506CHF,Centrotec Sustain
SIX/DE0005403901CHF,CEWE Stift
SIX/DE0005408116CHF,Aareal Bank
SIX/DE0005408884CHF,Leoni
SIX/DE0005419105CHF,CANCOM
SIX/DE0005428007CHF,Comdirect bank
SIX/DE0005437305CHF,CompuGroup Med
SIX/DE0005439004EUR,Continental
SIX/DE0005439004CHF,Continental - Share Price CHF
SIX/DE0005470306CHF,CTS Eventim
SIX/DE0005470405CHF,LANXESS - Share Price CHF
SIX/DE0005470405EUR,LANXESS
SIX/DE0005493092CHF,Borussia Dortmund
SIX/DE0005501357CHF,Axel Springer
SIX/DE0005550636CHF,Draegerwerk
SIX/DE0005552004CHF,Deutsche Post - Share Price CHF
SIX/DE0005545503CHF,1&1 DRILLISCH AG
SIX/DE0005552004EUR,Deutsche Post
SIX/DE0005557508CHF,Deutsche Telekom - Share Price CHF
SIX/DE0005557508EUR,Deutsche Telekom
SIX/DE0005565204CHF,Duerr
SIX/DE0005664809CHF,Evotec
SIX/DE0005772206CHF,Fielmann
SIX/DE0005773303CHF,Fraport
SIX/DE0005785604CHF,Fresenius - Share Price CHF
SIX/DE0005785604EUR,Fresenius
SIX/DE0005785802CHF,Fresenius Medical C - Share Price CHF
SIX/DE0005785802EUR,Fresenius Medical C
SIX/DE0005790430CHF,Fuchs Petrolub
SIX/DE0005810055CHF,Deutsche Boerse - Share Price CHF
SIX/DE0005810055EUR,Deutsche Boerse
SIX/DE0005875306CHF,GFK
SIX/DE0005878003CHF,DMG MORI
SIX/DE0005895403CHF,Grammer
SIX/DE0005909006CHF,Bilfinger
SIX/DE0005937007CHF,MAN
SIX/DE0006013006CHF,Hamborner REIT
SIX/DE0006042708CHF,HAWESKO Hold - Share Price CHF
SIX/DE0006047004CHF,HeidelbergCement - Share Price CHF
SIX/DE0006047004EUR,HeidelbergCement
SIX/DE0006048408CHF,Henkel I
SIX/DE0006048432EUR,Henkel VZ
SIX/DE0006048432CHF,Henkel VZ - Share Price CHF
SIX/DE0006053952CHF,Kontron - Share Price CHF
SIX/DE0006070006CHF,Hochtief
SIX/DE0006083405CHF,Hornbach Holding
SIX/DE0006095003CHF,Capital Stage
SIX/DE0006200108CHF,INDUS Hldg
SIX/DE0006202005CHF,Salzgitter
SIX/DE0006204407CHF,KUKA
SIX/DE0006219934CHF,Jungheinrich
SIX/DE0006229107CHF,Jenoptik
SIX/DE0006231004CHF,Infineon Technolog - Share Price CHF
SIX/DE0006231004EUR,Infineon Technolog
SIX/DE0006305006CHF,Deutz
SIX/DE0006335003CHF,Krones
SIX/DE0006450000CHF,LPKF Laser & Electr
SIX/DE0006452907CHF,Nemetschek SE O.N.
SIX/DE0006483001CHF,Linde - Share Price CHF
SIX/DE0006569908CHF,MLP
SIX/DE0006483001EUR,Linde
SIX/DE0006599905CHF,Merck - Share Price CHF
SIX/DE0006599905EUR,Merck
SIX/DE0006602006CHF,GEA Group
SIX/DE0006632003CHF,Morphosys
SIX/DE0006766504CHF,Aurubis
SIX/DE0006916604CHF,Pfeiff Vacuum Tech
SIX/DE0006969603CHF,PUMA
SIX/DE0007010803CHF,Rational
SIX/DE0007030009CHF,Rheinmetall
SIX/DE0007037129CHF,RWE I - Share Price CHF
SIX/DE0007037129EUR,RWE I
SIX/DE0007037145CHF,RWE VZ
SIX/DE0007042301CHF,Rhoen Klinikum
SIX/DE0007074007CHF,KWS SAAT
SIX/DE0007100000CHF,Daimler - Share Price CHF
SIX/DE0007164600CHF,SAP - Share Price CHF
SIX/DE0007100000EUR,Daimler
SIX/DE0007164600EUR,SAP
SIX/DE0007165631CHF,Sartorius
SIX/DE0007170300CHF,Schaltbau Hldg
SIX/DE0007231326CHF,Sixt
SIX/DE0007235301CHF,SGL Carbon
SIX/DE0007236101CHF,Siemens AG - Share Price CHF
SIX/DE0007236101EUR,Siemens AG
SIX/DE0007251803CHF,STADA Arzneimit
SIX/DE0007257503CHF,CECONOMY AG
SIX/DE0007297004CHF,Suedzucker
SIX/DE0007314007CHF,Heidelberger Druckm
SIX/DE0007446007CHF,TAKKT
SIX/DE0007472060CHF,Wirecard
SIX/DE0007480204CHF,Deutsche Euroshop
SIX/DE0007493991CHF,Stroeer SE & Co KGaA
SIX/DE0007500001CHF,thyssenkrupp - Share Price CHF
SIX/DE0007500001EUR,thyssenkrupp
SIX/DE0007657231CHF,Villeroy & Boch
SIX/DE0007664005CHF,VW
SIX/DE0007664039CHF,VW VZ
SIX/DE0007667107CHF,Vossloh
SIX/DE0007856023CHF,ElringKlinger
SIX/DE0008001009CHF,Deutsche Postbank - Share Price CHF
SIX/DE0008232125CHF,Dt Lufthansa - Share Price CHF
SIX/DE0008303504CHF,TAG Immobil
SIX/DE0008232125EUR,Dt Lufthansa
SIX/DE0008402215CHF,Hannover Rueck
SIX/DE0008404005CHF,Allianz - Share Price CHF
SIX/DE0008404005EUR,Allianz
SIX/DE0008430026CHF,Muenchener Rueckver - Share Price CHF
SIX/DE0008430026EUR,Muenchener Rueckver
SIX/DE000A0D6554CHF,Nordex
SIX/DE000A0CAYB2CHF,Diebold Nixdorf AG
SIX/DE000A0D9PT0CHF,MTU Aero Engin
SIX/DE000A0DJ6J9CHF,SMA Solar Tech
SIX/DE000A0HN5C6CHF,DEUTSCHE WOHNEN SE INH
SIX/DE000A0JQ5U3CHF,Manz
SIX/DE000A0LD2U1CHF,alstria
SIX/DE000A0LD6E6CHF,Gerresheimer
SIX/DE000A0S8488CHF,HHLA
SIX/DE000A0STST2CHF,Tom Tailor Hldg
SIX/DE000A0WMPJ6CHF,AIXTRON
SIX/DE000A0Z1JH9CHF,PSI Software
SIX/DE000A0Z2ZZ5CHF,freenet
SIX/DE000A161N30CHF,Grenke AG
SIX/DE000A1DAHH0CHF,Brenntag
SIX/DE000A1EWWW0EUR,adidas
SIX/DE000A1EWWW0CHF,adidas - Share Price CHF
SIX/DE000A1H8BV3CHF,NORMA Group
SIX/DE000A1J5RX9CHF,Telefonica Dt H
SIX/DE000A1JBPV9CHF,SHW
SIX/DE000A1K0201CHF,GESCO
SIX/DE000A1ML7J1CHF,Vonovia
SIX/DE000A1PHFF7CHF,Hugo Boss
SIX/DE000A1X3XX4CHF,DIC ASSET
SIX/DE000A1TNUT7CHF,Dt Beteiligungs
SIX/DE000A1YCMM2CHF,SolarWorld - Share Price CHF
SIX/DE000A2AA402CHF,Clere AG - Share Price CHF
SIX/DE000A2AADD2CHF,Innogy
SIX/DE000BASF111CHF,BASF N
SIX/DE000BAY0017EUR,Bayer
SIX/DE000BAY0017CHF,Bayer - Share Price CHF
SIX/DE000BFB0019CHF,METRO WHOLE.FOOD
SIX/DE000CBK1001CHF,COMMERZBANK I
SIX/DE000CLS1001CHF,Celesio - Share Price CHF
SIX/DE000ENAG999CHF,E.ON - Share Price CHF
SIX/DE000ENAG999EUR,E.ON
SIX/DE000EVNK013CHF,Evonik Industr
SIX/DE000KC01000CHF,Kloeckner&Co
SIX/DE000KD88880CHF,Kabel Deut Hold - Share Price CHF
SIX/DE000KGX8881CHF,KION GROUP
SIX/DE000KSAG888CHF,K+S - Share Price CHF
SIX/DE000KSAG888EUR,K+S
SIX/DE000LED4000CHF,OSRAM Licht
SIX/DE000LEG1110CHF,LEG Immobilien
SIX/DE000PAH0038CHF,Porsche A Hldg
SIX/DE000PAT1AG3CHF,Patrizia Immobilien
SIX/DE000PRME020CHF,DO Deu Office - Share Price CHF
SIX/DE000PSM7770CHF,ProSiebenSat.1
SIX/DE000STRA555CHF,STRATEC Biomed
SIX/DE000SYM9999CHF,Symrise
SIX/DE000TLX1005CHF,Talanx AG
SIX/DE000TUAG000CHF,TUI
SIX/DE000UNSE018CHF,Uniper
SIX/DE000WACK012CHF,Wacker Neuson
SIX/DE000XNG8888CHF,XING
SIX/DE000WCH8881CHF,Wacker Chemie
SIX/DE000ZAL1111CHF,Zalando
SIX/DK0010181759CHF,Carlsberg
SIX/DK0010268606CHF,Vestas Wind Systems
SIX/DK0060252690CHF,Pandora
SIX/DK0060336014CHF,Novozymes
SIX/DK0060448595CHF,Coloplast
SIX/DK0060534915CHF,Novo Nordisk
SIX/FI0009000681CHF,Nokia
SIX/FR0000031122CHF,AIR France - KLM
SIX/FR0000038259CHF,Eurofins Scientific
SIX/FR0000045072CHF,Credit Agricole
SIX/FR0000054470CHF,UBISOFT Entertain.
SIX/FR0000062671CHF,GROUPE GORGE
SIX/FR0000073272CHF,SAFRAN
SIX/FR0000073298CHF,Ipsos
SIX/FR0000120073CHF,Air Liquide
SIX/FR0000120164CHF,CGG - Share Price CHF
SIX/FR0000120172CHF,Carrefour
SIX/FR0000120271CHF,Total
SIX/FR0000120321CHF,L'Oreal
SIX/FR0000120354CHF,Vallourec
SIX/FR0000120404CHF,Accor
SIX/FR0000120503CHF,Bouygues
SIX/FR0000120578CHF,Sanofi
SIX/FR0000120628CHF,AXA
SIX/FR0000120644CHF,DANONE
SIX/FR0000120685CHF,NATIXIS
SIX/FR0000120693CHF,Pernod-Ricard
SIX/FR0000121014CHF,LVMH
SIX/FR0000121147CHF,Faurecia
SIX/FR0000121261CHF,Michelin
SIX/FR0000121485CHF,Kering
SIX/FR0000121501CHF,Peugeot
SIX/FR0000121667CHF,Essilor Intl
SIX/FR0000121972CHF,Schneider E.SE
SIX/FR0000124141CHF,Veolia Environ.
SIX/FR0000124570CHF,Plastic Omnium
SIX/FR0000124711CHF,Unibail-Rodamco
SIX/FR0000125007CHF,SAINT GOBAIN I
SIX/FR0000125338CHF,Cap Gemini
SIX/FR0000125346CHF,INGENICO
SIX/FR0000125486CHF,Vinci
SIX/FR0000125684CHF,Zodiac Aero
SIX/FR0000127771CHF,Vivendi
SIX/FR0000130007CHF,Alcatel Lucent - Share Price CHF
SIX/FR0000130213CHF,Lagardere
SIX/FR0000130338CHF,Valeo - Share Price CHF
SIX/FR0000130395CHF,Remy Cointreau
SIX/FR0000130403CHF,Christian Dior
SIX/FR0000130577CHF,Publicis Grp
SIX/FR0000130650CHF,Dassault Systemes
SIX/FR0000130809CHF,Societe Generale
SIX/FR0000131104CHF,BNP Paribas
SIX/FR0000131708CHF,Technip - Share Price CHF
SIX/FR0000131906CHF,Renault SA
SIX/FR0000133308CHF,ORANGE
SIX/FR0004056851CHF,Valneva
SIX/FR0010208488CHF,Engie
SIX/FR0010220475CHF,Alstom
SIX/FR0010242511CHF,EDF
SIX/FR0010331421CHF,INNATE PHARMA
SIX/FR0010411983CHF,SCOR SE
SIX/FR0010533075CHF,Getlink
SIX/FR0010613471CHF,Suez Env.Comp.
SIX/FR0012938884CHF,Solocal Group
SIX/FR0013176526CHF,Valeo
SIX/FR0013181864CHF,CGGT - Share Price CHF
SIX/GB0000566504CHF,BHP Billiton GB
SIX/GB0000595859CHF,ARM Hldgs - Share Price CHF
SIX/GB0002875804CHF,Brit Amer Tobacco
SIX/GB0004544929CHF,Imperial Brands plc
SIX/GB0006043169CHF,Morrison Supermkts
SIX/GB0006731235CHF,Associate Brit Food
SIX/GB0007188757CHF,Rio Tinto GB
SIX/GB0007973794CHF,Serco Group
SIX/GB0007980591CHF,BP
SIX/GB0008706128CHF,Lloyds Bank Grp
SIX/GB0008847096CHF,Tesco
SIX/GB0009252882CHF,GlaxoSmithKline
SIX/GB0009895292CHF,Astrazeneca
SIX/GB0031348658CHF,Barclays
SIX/GB00B03MLX29CHF,Royal Dutch Shell
SIX/GB00B03MM408CHF,Royal Dutch Shell-B
SIX/GB00B1VYCH82CHF,Thomas Cook Grp
SIX/GB00B1XZS820CHF,ANGLO PLC
SIX/GB00B24CGK77CHF,Reckitt Ben Grp
SIX/GB00B7T77214CHF,Royal Bk Scot Grp
SIX/GB00BDSFG982CHF,TechnipFMC
SIX/GB00BH4HKS39CHF,Vodafone Group
SIX/GB00BHD66J44CHF,Zeal Network
SIX/GB00BLG2TX24EUR,Rapid Nutrition N
SIX/GG00B247Y973CHF,LUMX GROUP N
SIX/HK0027032686CHF,Galaxy Entertain
SIX/HK0883013259CHF,CNOOC
SIX/HK0941009539CHF,China Mobile
SIX/HK0992009065CHF,Lenovo Group
SIX/IE00BTN1Y115CHF,Medtronic
SIX/IL0010855885CHF,SHL TELEMEDICINE N
SIX/IT0000062072CHF,Assicuraz Generali
SIX/IT0000068525CHF,Saipem - Share Price CHF
SIX/IT0000072618CHF,Intesa Sanpaolo
SIX/IT0001465159CHF,ITALCEMENTI - Share Price CHF
SIX/IT0003128367CHF,Enel
SIX/IT0003132476CHF,ENI
SIX/IT0003497168CHF,Telecom Italia
SIX/IT0003874101CHF,Prada
SIX/IT0004147952CHF,NEWRON PHARMA N
SIX/IT0004167463CHF,COSMO N - Share Price CHF
SIX/IT0004781412CHF,Unicredit - Share Price CHF
SIX/IT0005092165CHF,Banca MPS - Share Price CHF
SIX/IT0005108359CHF,CASSIOPEA N
SIX/IT0005239360CHF,Unicredit
SIX/JP3242800005CHF,CANON
SIX/JP3359600008CHF,Sharp
SIX/JP3435000009CHF,SONY CORP
SIX/JP3436100006CHF,SoftBank
SIX/JP3463000004CHF,Takeda Pharmaceutical Co. Ltd
SIX/JP3585800000CHF,Tokyo Electr Power
SIX/JP3592200004CHF,TOSHIBA CORP
SIX/JP3633400001CHF,Toyota Motor
SIX/JP3756600007CHF,Nintendo Co Ltd
SIX/JP3866800000CHF,Panasonic
SIX/JP3762600009CHF,Nomura Holdings
SIX/JP3868400007CHF,Mazda Motor Corp
SIX/LI0010737216CHF,VPB VADUZ I - Share Price CHF
SIX/LI0315487269CHF,VPB VADUZ N
SIX/LI0030195247CHF,LIECHT LANDBK I - Share Price CHF
SIX/LI0355147575CHF,LIECHT LANDBK N
SIX/LU0061462528CHF,RTL Group
SIX/LU0269583422CHF,Gagfah - Share Price CHF
SIX/LU0307018795CHF,SAF Holland
SIX/LU0323134006CHF,ArcelorMittal - Share Price CHF
SIX/LU1202320294CHF,COSMO PHARM N - Share Price CHF
SIX/LU1598757687CHF,ArcelorMittal
SIX/NL0000009082CHF,Koninklijke KPN NV
SIX/NL0000009132CHF,Akzo Nobel
SIX/NL0000009165CHF,Heineken
SIX/NL0000009355CHF,Unilever DRC
SIX/NL0000009538CHF,Royal Philips
SIX/NL0000009827CHF,Kon DSM
SIX/NL0000235190CHF,Airbus S.E.
SIX/NL0000240000CHF,Qiagen0 - Share Price CHF
SIX/NL0000303600CHF,ING Group NV - Share Price CHF
SIX/NL0000303709CHF,Aegon
SIX/NL0000360618CHF,SBM Offshore
SIX/NL0000379121CHF,Randstad Hldg
SIX/NL0000387058CHF,TomTom
SIX/NL0000400653CHF,Gemalto
SIX/NL0009739416CHF,PostNL
SIX/NL0010273215CHF,ASML Hldg
SIX/NL0010733960CHF,lastminute.com N.V.
SIX/NL0010886891CHF,Royal Imtech - Share Price CHF
SIX/NL0011031208CHF,Mylan
SIX/NL0011509302CHF,Ferrari N.V.0 - Share Price CHF
SIX/NL0011585146CHF,Ferrari N.V.
SIX/NL0011821202CHF,ING Group
SIX/NL0011832936CHF,COSMO PHARM N
SIX/NL0012169213CHF,Qiagen
SIX/NO0005052605CHF,Norsk Hydro
SIX/NO0010063308CHF,Telenor
SIX/NO0010096985CHF,Statoil
SIX/NO0010208051CHF,Yara International
SIX/PTEDP0AM0009CHF,EDP-Energias
SIX/SE0000106270CHF,H & M
SIX/SE0000108656CHF,Telefon Ericsson
SIX/SE0000112724CHF,SCA
SIX/SE0000390296CHF,NIBE Industrier AB N - Share Price CHF
SIX/SE0000242455CHF,Swedbank
SIX/SE0000427361CHF,Nordea Bank
SIX/SE0000667925CHF,Telia Co AB
SIX/SE0008321293CHF,NIBE Industrier AB N
SIX/US00206R1023CHF,AT&T - Share Price CHF
SIX/US00206R1023EUR,AT&T - Share Price CHF
SIX/US00206R1023USD,AT&T
SIX/US0028241000CHF,ABBOTT LABOR
SIX/US00287Y1091CHF,ABBVIE N
SIX/US0028962076CHF,Abercrombie & Fitch
SIX/US00724F1012CHF,Adobe Systems
SIX/US0079031078CHF,Advanced Micro Dev - Share Price CHF
SIX/US0079031078EUR,Advanced Micro Dev - Share Price CHF
SIX/US0138171014CHF,Alcoa - Share Price CHF
SIX/US0138171014EUR,Alcoa - Share Price CHF
SIX/US0138175072CHF,Alcoa - Share Price CHF
SIX/US0138175072EUR,Alcoa - Share Price CHF
SIX/US0153511094CHF,Alexion Pharmaceutl
SIX/US01609W1027CHF,Alibaba Grp - Share Price CHF
SIX/US01609W1027EUR,Alibaba Grp - Share Price CHF
SIX/US01609W1027USD,Alibaba Grp
SIX/US02079K3059CHF,Alphabet - Share Price CHF
SIX/US02079K3059EUR,Alphabet - Share Price CHF
SIX/US02209S1033CHF,Altria Group - Share Price CHF
SIX/US02209S1033EUR,Altria Group - Share Price CHF
SIX/US0231351067CHF,Amazon.com - Share Price CHF
SIX/US0231351067EUR,Amazon.com - Share Price CHF
SIX/US02209S1033USD,Altria Group
SIX/US0258161092CHF,American Express - Share Price CHF
SIX/US0258161092EUR,American Express - Share Price CHF
SIX/US0258161092USD,American Express
SIX/US0268747849CHF,American Intl Group - Share Price CHF
SIX/US0268747849EUR,American Intl Group - Share Price CHF
SIX/US0268747849USD,American Intl Group
SIX/US0311621009CHF,Amgen - Share Price CHF
SIX/US0311621009EUR,Amgen - Share Price CHF
SIX/US0311621009USD,Amgen
SIX/US0351282068CHF,AngloGold Ashanti
SIX/US0378331005CHF,Apple - Share Price CHF
SIX/US0382221051CHF,Applied Materials - Share Price CHF
SIX/US0378331005EUR,Apple - Share Price CHF
SIX/US0394831020CHF,Archer Dan Mid
SIX/US03965L1008CHF,Arconic Inc. - Share Price CHF
SIX/US03965L1008EUR,Arconic Inc. - Share Price CHF
SIX/US04033A1007CHF,Ariad Pharmaceutic - Share Price CHF
SIX/US0567521085CHF,Baidu
SIX/US0572241075CHF,BAKER HUGHES - Share Price CHF
SIX/US0605051046CHF,Bank of America - Share Price CHF
SIX/US0605051046EUR,Bank of America - Share Price CHF
SIX/US0605051046USD,Bank of America
SIX/US0718131099CHF,BAXTER INTL
SIX/US0758871091CHF,Becton Dickinson&Co
SIX/US0846707026CHF,Berkshire Hath
SIX/US0865161014CHF,Best Buy Co
SIX/US09062X1037CHF,Biogen Idec
SIX/US09247X1019CHF,BlackRock
SIX/US0970231058CHF,Boeing - Share Price CHF
SIX/US0970231058EUR,Boeing - Share Price CHF
SIX/US0970231058USD,Boeing
SIX/US1101221083CHF,Bristol Myers Squib - Share Price CHF
SIX/US1101221083EUR,Bristol Myers Squib - Share Price CHF
SIX/US1101221083USD,Bristol Myers Squib
SIX/US1491231015CHF,CATERPILLAR
SIX/US1510201049CHF,Celgene Corp - Share Price CHF
SIX/US1510201049EUR,Celgene Corp - Share Price CHF
SIX/US1567821046CHF,Cerner Corp
SIX/US1667641005CHF,Chevron - Share Price CHF
SIX/US1667641005EUR,Chevron - Share Price CHF
SIX/US16951C1080CHF,China Ming Yang - Share Price CHF
SIX/US1667641005USD,Chevron
SIX/US1713401024CHF,Church & Dwight
SIX/US17275R1023CHF,Cisco Systems - Share Price CHF
SIX/US17275R1023USD,Cisco Systems
SIX/US17275R1023EUR,Cisco Systems - Share Price CHF
SIX/US1729674242CHF,Citigroup - Share Price CHF
SIX/US1729674242EUR,Citigroup - Share Price CHF
SIX/US1729674242USD,Citigroup
SIX/US1912161007EUR,Coca-Cola - Share Price CHF
SIX/US1912161007CHF,Coca-Cola - Share Price CHF
SIX/US1912161007USD,Coca-Cola
SIX/US1921085049CHF,Coeur Mining
SIX/US1924461023CHF,Cognizant Tech Sol
SIX/US1941621039CHF,Colgate-Palmolive - Share Price CHF
SIX/US1941621039EUR,Colgate-Palmolive - Share Price CHF
SIX/US1941621039USD,Colgate-Palmolive
SIX/US20030N1019CHF,Comcast
SIX/US2044481040CHF,Buenaventura - Share Price CHF
SIX/US20825C1045CHF,ConocoPhillips
SIX/US21036P1084CHF,CONST.BRANDS
SIX/US2193501051CHF,Corning - Share Price CHF
SIX/US2193501051EUR,Corning - Share Price CHF
SIX/US2193501051USD,Corning
SIX/US2358511028CHF,Danaher
SIX/US2473617023CHF,Delta Air Lines
SIX/US2441991054CHF,Deere & Co
SIX/US2546871060CHF,Walt Disney - Share Price CHF
SIX/US2546871060EUR,Walt Disney - Share Price CHF
SIX/US2546871060USD,Walt Disney
SIX/US2605431038CHF,Dow Chemical - Share Price CHF
SIX/US2605431038EUR,Dow Chemical - Share Price CHF
SIX/US2605431038USD,Dow Chemical - Share Price CHF
SIX/US2635341090CHF,EI Du Pont Nemours - Share Price CHF
SIX/US2635341090EUR,EI Du Pont Nemours - Share Price CHF
SIX/US2635341090USD,EI Du Pont Nemours - Share Price CHF
SIX/US26833A1051CHF,E-COMMERCE - Share Price CHF
SIX/US2686481027CHF,EMC - Share Price CHF
SIX/US2686481027EUR,EMC - Share Price CHF
SIX/US2786421030CHF,eBay - Share Price CHF
SIX/US2786421030EUR,eBay - Share Price CHF
SIX/US2786421030USD,eBay
SIX/US28176E1082CHF,EDWARDS LIFESCIENES
SIX/US2910111044CHF,Emerson Electric Co
SIX/US29355A1079CHF,Enphase Energy
SIX/US3021041047CHF,The ExOne
SIX/US30212P3038CHF,Expedia Group Inc
SIX/US30219G1085CHF,Express Sc Hldg
SIX/US30231G1022CHF,Exxon Mobil - Share Price CHF
SIX/US30231G1022EUR,Exxon Mobil - Share Price CHF
SIX/US30303M1027CHF,Facebook - Share Price CHF
SIX/US30303M1027EUR,Facebook - Share Price CHF
SIX/US30303M1027USD,Facebook
SIX/US31428X1063CHF,Fedex - Share Price CHF
SIX/US31428X1063EUR,Fedex - Share Price CHF
SIX/US31428X1063USD,Fedex
SIX/US31816Q1013CHF,FireEye
SIX/US3364331070CHF,First Solar - Share Price CHF
SIX/US3364331070EUR,First Solar - Share Price CHF
SIX/US3453708600CHF,Ford Motor - Share Price CHF
SIX/US3453708600EUR,Ford Motor - Share Price CHF
SIX/US3453708600USD,Ford Motor
SIX/US35671D8570CHF,Freeport-McMoR - Share Price CHF
SIX/US35671D8570EUR,Freeport-McMoR - Share Price CHF
SIX/US35671D8570USD,Freeport-McMoR
SIX/US35952H1068CHF,FuelCell Energy0 - Share Price CHF
SIX/US35952H5028CHF,Fuelcell Energy
SIX/US3696041033CHF,GEN ELEC
SIX/US3703341046CHF,General Mills
SIX/US37045V1008CHF,General Motors - Share Price CHF
SIX/US37045V1008EUR,General Motors - Share Price CHF
SIX/US37045V1008USD,General Motors
SIX/US3755581036CHF,Gilead Sciences - Share Price CHF
SIX/US3755581036EUR,Gilead Sciences - Share Price CHF
SIX/US3798901068CHF,Glu Mobile
SIX/US38141G1040CHF,Gldm Sachs Grp - Share Price CHF
SIX/US38141G1040EUR,Gldm Sachs Grp - Share Price CHF
SIX/US38141G1040USD,Gldm Sachs Grp
SIX/US3825501014CHF,GOODYEAR
SIX/US38268T1034CHF,GoPro - Share Price CHF
SIX/US38268T1034EUR,GoPro - Share Price CHF
SIX/US3994731079CHF,Groupon
SIX/US40434L1052CHF,HP Inc. - Share Price CHF
SIX/US40434L1052EUR,HP Inc. - Share Price CHF
SIX/US40434L1052USD,HP Inc.
SIX/US4062161017CHF,Halliburton
SIX/US41135V3015CHF,Hanwha Q CELLS Co. Ltd. - Share Price CHF
SIX/US4128221086CHF,Harley-Davidson
SIX/US4227041062CHF,Hecla Mining
SIX/US42366C1036CHF,Hemispherx Biophrma - Share Price CHF
SIX/US4370761029CHF,Home Depot - Share Price CHF
SIX/US4370761029EUR,Home Depot - Share Price CHF
SIX/US4370761029USD,Home Depot
SIX/US4581401001CHF,Intel - Share Price CHF
SIX/US4581401001EUR,Intel - Share Price CHF
SIX/US4592001014CHF,IBM - Share Price CHF
SIX/US4592001014EUR,IBM - Share Price CHF
SIX/US46120E6023CHF,Intuitive Surgical
SIX/US4622221004CHF,IONIS Pharmaceuticals
SIX/US46123D2053CHF,InvenSense - Share Price CHF
SIX/US4627261005CHF,iRobot
SIX/US4643301090CHF,ISIS Pharmaceutical0 - Share Price CHF
SIX/US4660902069CHF,JA Solar Hldgs
SIX/US46625H1005CHF,JPMorgan Chase - Share Price CHF
SIX/US46625H1005EUR,JPMorgan Chase - Share Price CHF
SIX/US47759T1007CHF,JinkoSolar - Share Price CHF
SIX/US47759T1007EUR,JinkoSolar - Share Price CHF
SIX/US47759T1007USD,JinkoSolar
SIX/US4781601046CHF,Johnson & Johnson - Share Price CHF
SIX/US4781601046EUR,Johnson & Johnson - Share Price CHF
SIX/US4837091010CHF,Kandi Techn Grp
SIX/US4878361082CHF,Kellogg
SIX/US49271M1009CHF,Keurig Green - Share Price CHF
SIX/US5007541064CHF,Kraft Heinz Co
SIX/US5178341070CHF,Las Vegas Sands
SIX/US5324571083CHF,LILLY ELI
SIX/US53578A1088CHF,LinkedIn - Share Price CHF
SIX/US5398301094CHF,Lockheed Martin
SIX/US57636Q1040CHF,MasterCard
SIX/US5801351017CHF,McDonald's - Share Price CHF
SIX/US5801351017EUR,McDonald's - Share Price CHF
SIX/US5801351017USD,McDonald's
SIX/US58933Y1055CHF,Merck & Co - Share Price CHF
SIX/US58933Y1055EUR,Merck & Co - Share Price CHF
SIX/US5949181045CHF,Microsoft - Share Price CHF
SIX/US5949181045EUR,Microsoft - Share Price CHF
SIX/US5951121038CHF,Micron Technology - Share Price CHF
SIX/US5951121038EUR,Micron Technology - Share Price CHF
SIX/US5951121038USD,Micron Technology
SIX/US6092071058CHF,Mondelez Intl - Share Price CHF
SIX/US6092071058EUR,Mondelez Intl - Share Price CHF
SIX/US6092071058USD,Mondelez Intl
SIX/US6174464486CHF,Morgan Stanley - Share Price CHF
SIX/US64110L1061CHF,Netflix - Share Price CHF
SIX/US6174464486EUR,Morgan Stanley - Share Price CHF
SIX/US64110L1061EUR,Netflix - Share Price CHF
SIX/US64110W1027CHF,NETEASE
SIX/US6516391066CHF,Newmont Mining - Share Price CHF
SIX/US6516391066EUR,Newmont Mining - Share Price CHF
SIX/US6541061031CHF,Nike - Share Price CHF
SIX/US6541061031EUR,Nike - Share Price CHF
SIX/US6541061031USD,Nike
SIX/US67018T1051CHF,Nu Skin Enterprises
SIX/US67066G1040CHF,NVIDIA
SIX/US68389X1054CHF,Oracle - Share Price CHF
SIX/US68403P2039CHF,Oramed Pharma - Share Price CHF
SIX/US68389X1054EUR,Oracle - Share Price CHF
SIX/US68620A1043CHF,Organovo Hldgs
SIX/US69331C1080CHF,PGE CORP - Share Price CHF
SIX/US70450Y1038CHF,PayPal - Share Price CHF
SIX/US70450Y1038EUR,PayPal - Share Price CHF
SIX/US7081601061CHF,JC Penney
SIX/US7134481081CHF,PEPSICO
SIX/US7170811035CHF,PFIZER - Share Price CHF
SIX/US7181721090CHF,PHILIP MRRS INT-WI
SIX/US72919P2020CHF,Plug Power
SIX/US7415034039CHF,Priceline Group - Share Price CHF
SIX/US7415034039EUR,Priceline Group - Share Price CHF
SIX/US7415034039USD,Priceline Group
SIX/US7427181091CHF,Procter & Gamble - Share Price CHF
SIX/US7427181091EUR,Procter & Gamble - Share Price CHF
SIX/US74348T1025CHF,Prospect Captl
SIX/US74734M1099CHF,Qihoo 360 Techn - Share Price CHF
SIX/US7475251036CHF,Qualcomm - Share Price CHF
SIX/US7475251036EUR,Qualcomm - Share Price CHF
SIX/US7509171069CHF,Rambus
SIX/US75886F1075CHF,Regeneron Pharma
SIX/US75971T1034CHF,Renesola - Share Price CHF
SIX/US75971T3014CHF,Renesola
SIX/US7750431022CHF,Rofin-Sinar Tech - Share Price CHF
SIX/US79466L3024CHF,Salesforce.com
SIX/US80004C1018CHF,SanDisk - Share Price CHF
SIX/US8006771062CHF,Sangamo Therapeutics
SIX/US83304A1060CHF,SNAP INC. - Share Price CHF
SIX/US83304A1060EUR,SNAP INC. - Share Price CHF
SIX/US8486371045CHF,Splunk
SIX/US83416T1007CHF,SolarCity - Share Price CHF
SIX/US8550301027CHF,Staples
SIX/US8552441094CHF,Starbucks - Share Price CHF
SIX/US8552441094EUR,Starbucks - Share Price CHF
SIX/US8636671013CHF,Stryker
SIX/US8676524064CHF,SunPower
SIX/US8725901040CHF,T-Mobile US
SIX/US8765685024CHF,Tata Motors
SIX/US88160R1014CHF,Tesla - Share Price CHF
SIX/US88160R1014EUR,Tesla - Share Price CHF
SIX/US8816242098CHF,Teva Pharma Ind
SIX/US8835561023CHF,Thermo Fisher Scien
SIX/US8825081040CHF,Texas Instruments
SIX/US88554D2053CHF,3-D Systems
SIX/US88579Y1010CHF,3M
SIX/US8873173038CHF,Time Warner - Share Price CHF
SIX/US8873173038EUR,Time Warner - Share Price CHF
SIX/US8923561067CHF,TRACTOR SUPPLY
SIX/US8936411003CHF,TRANSDIGM GROUP
SIX/US89417E1091CHF,Travelers Comp - Share Price CHF
SIX/US89628E1047CHF,Trina Solar - Share Price CHF
SIX/US8969452015CHF,TripAdvisor
SIX/US90184L1026CHF,Twitter - Share Price CHF
SIX/US90184L1026EUR,Twitter - Share Price CHF
SIX/US90338S1024CHF,US Geothermal - Share Price CHF
SIX/US9043111072CHF,Under Armour
SIX/US9078181081CHF,Union Pacific
SIX/US9092143067CHF,UNISYS
SIX/US9113121068CHF,United Parcel Svc
SIX/US9130171096CHF,United Tech - Share Price CHF
SIX/US9130171096USD,United Tech
SIX/US9130171096EUR,United Tech - Share Price CHF
SIX/US91324P1021CHF,Unitedhealth Group - Share Price CHF
SIX/US91324P1021EUR,Unitedhealth Group - Share Price CHF
SIX/US91324P1021USD,Unitedhealth Group
SIX/US9182041080CHF,VF
SIX/US91912E1055CHF,Vale
SIX/US92343V1044CHF,Verizon Comm - Share Price CHF
SIX/US92343V1044EUR,Verizon Comm - Share Price CHF
SIX/US92532F1003CHF,Vertex Pharmaceutic
SIX/US92826C8394CHF,Visa - Share Price CHF
SIX/US92826C8394EUR,Visa - Share Price CHF
SIX/US92912L1070CHF,voxeljet
SIX/US9311421039CHF,Wal-Mart Stores - Share Price CHF
SIX/US9311421039EUR,Wal-Mart Stores - Share Price CHF
SIX/US9314271084CHF,Walgreens
SIX/US9497461015CHF,Wells Fargo - Share Price CHF
SIX/US9497461015EUR,Wells Fargo - Share Price CHF
SIX/US9581021055CHF,Western Digital
SIX/US9668371068CHF,Whole Foods Market - Share Price CHF
SIX/US9831341071CHF,Wynn Resorts
SIX/US9841211033CHF,Xerox - Share Price CHF
SIX/US9841216081CHF,Xerox Corp
SIX/US98426T1060CHF,YY Inc
SIX/US9843321061CHF,Yahoo - Share Price CHF
SIX/US9843321061EUR,Yahoo - Share Price CHF
SIX/US9858171054CHF,Yelp
SIX/US98584B1035CHF,Yingli Green0 - Share Price CHF
SIX/US98584B2025CHF,Yingli Green
SIX/US9884981013EUR,Yum Brands - Share Price CHF
SIX/US9884981013CHF,Yum Brands - Share Price CHF
SIX/US98956P1021CHF,ZIMMER HLD
SIX/US98986T1088CHF,Zynga
SIX/VGG290991014USD,EASTERN PROP HLD
SIX/VGG3637V1094CHF,FORMULAFIRST I
SIX/VGG607541015CHF,Michael Kors
SIX/ZAE000018123CHF,GOLD FI LI
SIX/CH0368919517CHF,Rothschild RE Swiss ANR
SIX/US0079031078USD,Advanced Micro Dev
SIX/US02079K3059USD,Alphabet
SIX/US0213461017USD,Altaba Inc.
SIX/US0231351067USD,Amazon.com
SIX/US03965L1008USD,Arconic Inc.
SIX/US0378331005USD,Apple
SIX/US1510201049USD,Celgene Corp
SIX/DE000A2E4K43CHF,DELIVERY HERO AG
SIX/US30231G1022USD,Exxon Mobil
SIX/US3364331070USD,First Solar
SIX/US3755581036USD,Gilead Sciences
SIX/US38268T1034USD,GoPro
SIX/US4592001014USD,IBM
SIX/US4581401001USD,Intel
SIX/US4781601046USD,Johnson & Johnson
SIX/US46625H1005USD,JPMorgan Chase
SIX/US58933Y1055USD,Merck & Co
SIX/US5949181045USD,Microsoft
SIX/US6174464486USD,Morgan Stanley
SIX/US64110L1061USD,Netflix
SIX/US6516391066USD,Newmont Mining
SIX/US68389X1054USD,Oracle
SIX/US70450Y1038USD,PayPal
SIX/US7427181091USD,Procter & Gamble
SIX/US7475251036USD,Qualcomm
SIX/US83304A1060USD,SNAP INC.
SIX/US8552441094USD,Starbucks
SIX/US88160R1014USD,Tesla
SIX/US8873173038USD,Time Warner
SIX/CH0048265513USD,TRANSOCEAN LTD
SIX/US90184L1026USD,Twitter
SIX/DE000A0WMNK9CHF,VAPIANO SE
SIX/US92343V1044USD,Verizon Comm
SIX/US92826C8394USD,Visa
SIX/US9311421039USD,Wal-Mart Stores
SIX/US9497461015USD,Wells Fargo
SIX/US9884981013USD,Yum Brands
SIX/DE000WAF3001CHF,Siltronic AG
SIX/DE000HLAG475CHF,Hapag Lloyd
SIX/DE0005493365CHF,Hypoport
SIX/DE000A12UKK6CHF,Rocket Internet SE
SIX/US00507V1098CHF,Activision Blizzard
SIX/CH0382620554CHF,RESIDENTIA ANR
SIX/DE000A1K0235CHF,Suess MicroTec AG
SIX/LU0775917882CHF,Grand City Properties SA
SIX/DE0005102008CHF,BASLER AG
SIX/DE0008019001CHF,Deutsche Pfandbriefbank AG
SIX/DE000A0JL9W6CHF,Verbio Vereinigte Bioenergie A
SIX/DE000A0DNAY5CHF,bet-at-homecom
SIX/DE0005407100CHF,CENIT AG
SIX/DE000A2GS401CHF,Software AG O.N.
SIX/AT0000A0E9W5CHF,S&T AG
SIX/DE000A0DPRE6CHF,Sixt Leasing SE
SIX/DE000A0KEXC7CHF,Vectron Systems AG
SIX/DE000A1X3W00CHF,MediGene
SIX/DE0005103006CHF,Adva Optical Networking SE
SIX/DE0005488100CHF,Isra Vision AG
SIX/DE0005201602CHF,Berentzen Gruppe AG
SIX/DE000TCAG172CHF,Tele Columbus
SIX/DE000A0TGJ55CHF,Varta AG
SIX/DE000A12DM80CHF,Scout24
SIX/CH0382671664CHF,CS REF GREEN PROP ANR
SIX/CH0385769952CHF,EVOLVA ANR
SIX/DE0006062144CHF,Covestro AG
SIX/DE0008051004CHF,Wüstenrot & Württembergische
SIX/US02376R1023CHF,American Airlines
SIX/DE000A0JKHC9CHF,Nanogate AG
SIX/DE000A0Z2XN6CHF,RIB Software
SIX/DE000A2E4LE9CHF,Voltabox AG
SIX/US5770811025CHF,Mattel
SIX/DE000VTG9999CHF,VTG
SIX/DE000SHA0159CHF,Schaeffler AG
SIX/NL0011375019CHF,Steinhoff Int. Holding
SIX/CH0361000331CHF,SWC(CH) RE SwCom ANR
SIX/CH0122527648CHF,POENINA HOLDING N
SIX/DE000A1TNV91CHF,Bitcoin Group SE
SIX/CH0390603998CHF,REALSTONE ANR
SIX/CH0386890344CHF,FIR ANR
SIX/CH0385998353CHF,UBS SWISS ANFOS ANR
SIX/US61166W1018CHF,Monsanto
SIX/DE0005220909CHF,Nexus AG
SIX/CH0395719070CHF,SCHRODER IMMOPLUS ANR
SIX/DE000A13SX22CHF,Hella KGaA Hueck & Co
SIX/DE0007193500CHF,Koenig & Bauer
SIX/US09857L1089USD,Booking Holdings
SIX/CH0386687765CHF,LINDT PS 2. LINIE
SIX/CH0401214371CHF,MOBILEZONE ANR
SIX/CH0404879824CHF,SF Sustainable Property ANR
SIX/DE000SHL1006CHF,Siemens Healthineers AG
SIX/CH0404880129CHF,ASMALLWORLD N
SIX/CH0406705126CHF,SENSIRION N
SIX/US26210C1045CHF,Dropbox Inc.
SIX/CH0386200239CHF,MEDARTIS N
SIX/DE000JST4000CHF,JOST Werke
SIX/CH0386687757CHF,LINDT N 2. LINIE
SIX/DE000A2DAM03CHF,Aumann AG
SIX/LU1778762911CHF,SPOTIFY TECH. S.A.
